Company name,,,
proskins.co,,,
clarecorporate.com ,,,
proskins.com,,,
onlyhearts.com,,,
gothiccabinetcraft.com,,,
instawares.com,,,
okabashi.com,,,
buildabasket.com,,,
tungstenaffinity.com,,,
humblechic.com,,,
lisette-l.com,,,
summithut.com,,,
www.lydiasuniforms.com,,,
furnitureinstyle.com,,,
littleme.com,,,
ibackpack.co/,,,
goldtoe.com,,,
esslinger.com,,,
plantronics.com,,,
beerpongstadium.com,,,
www.funkychunkyinc.com,,,
smartbuyglasses.com,,,
oldtimepottery.com/,,,
www.guitarcenter.com,,,
cottagecraftworks.com,,,
sleevecityusa.com,,,
leatherhere.com,,,
precisionpet.com,,,
scrubs.com,,,
fabricdepot.com ,,,
edifier.us.com,,,
msi.com,,,
babor.com,,,
gloprofessional.com,,,
www.thegreenoffice.com,,,
megafood.com,,,
magico.com,,,
evo.com,,,
bodylanguagesportswear.com,,,
jpcycles.com,,,
sendmygift.com ,,,
bergdorfgoodman.com,,,
http://www.tower-health.co.uk/,,,
www.lightbulbs-direct.com,,,
alesis.com,,,
hickory-farms.com,,,
lojack.com,,,
loefflerrandall.com,,,
accuquilt.com ,,,
johnwardinteriorsandgifts.com,,,
rawhideranchco.com,,,
tungstenaffinity.com,,,
ionaudio.com ,,,
PCRICHARD.COM,,,
mistymate.com ,,,
onquestyle.com,,,
beadsfactory.com,,,
maxi-matic.com,,,
discountcoffee.com,,,
lmfj.com,,,
fitlineindia.com,,,
neebo.com,,,
discoverybenefits.com,,,
embroideryonline.com,,,
calendars.com,,,
christellas.com,,,
beadsfactory.com,,,
miraclebody.com,,,
oasap.com,,,