Company name,,,,,,
delitaliana-online-food-store-products.com,,,,,,
deluxedrinkware.com,,,,,,
demelzashop.hostedbywebstore.co.uk,,,,,,
demodexcontrol.com,,,,,,
demurs-fine-tea.hostedbywebstore.com,,,,,,
denim-market.hostedbywebstore.com,,,,,,
dental-wholesalers.hostedbywebstore.com,,,,,,
dentaldirect.co.uk,,,,,,
depaulas.hostedbywebstore.com,,,,,,
depositlot.com,,,,,,
desertscientific.com,,,,,,
design4ujewelry.com,,,,,,
designer-classics.com,,,,,,
designerbathsolutions.com,,,,,,
designercopia.com,,,,,,
designereyeweardirect.co.uk,,,,,,
designerliners.hostedbyamazon.com,,,,,,
designermarketplace.net,,,,,,
designers-wholesale-2011.hostedbywebstore.com,,,,,,
designerscentralstore.com,,,,,,
desiremax.com,,,,,,
devoe-graphix.hostedbywebstore.com,,,,,,
dexterityhealth.com,,,,,,
dfw-holster-co.hostedbywebstore.com,,,,,,
dgoldonline.com,,,,,,
diamondznglitter.com,,,,,,
didoosports.co.uk,,,,,,
diffshoes.com,,,,,,
digicharge.co.uk,,,,,,
digitalmarketingnews.in,,,,,,
digproducts.com,,,,,,
dimebrakelines.hostedbywebstore.com,,,,,,
direct2boater.com,,,,,,
directimports2u.co.uk,,,,,,
directnetbuys.com,,,,,,
directoutdoorgear.com,,,,,,
dirtylittlesecretsinc.hostedbywebstore.com,,,,,,
discount-bands.com,,,,,,
discount-haven.com,,,,,,
discountbatt.com,,,,,,
discounthangers.com,,,,,,
discountmotorcyclehelmets.com,,,,,,
discountrvsurplus.com,,,,,,
discountsjungle.com,,,,,,
discountsjungle.hostedbywebstore.com,,,,,,
discountwarehouses.co.uk,,,,,,
displaysforcosmetics.com,,,,,,
distinctivecurtainsandvalances.com,,,,,,
divas-bra-straps.hostedbywebstore.com,,,,,,
divinejewelry.com,,,,,,
diyjewelrydepot.com,,,,,,
dizzyduckscardsandgifts.com,,,,,,
dizzymonkey.net,,,,,,
dizzymonkeyhome.com,,,,,,
dizzymonkeylighting.com,,,,,,
docookery.com,,,,,,
dogmasterllc.com,,,,,,
doliphine.net,,,,,,
dominoestoys.co.uk,,,,,,
dorkfood.hostedbywebstore.com,,,,,,
downjacketsandbeyond.hostedbyamazon.com,,,,,,
dredgergolds.hostedbywebstore.com,,,,,,
dressmedaddy.com,,,,,,
drfischer.com,,,,,,
drhuldaclark.com,,,,,,
drinkpregame.com,,,,,,
drymap.com,,,,,,
dryums.com,,,,,,
dtlatrends.net,,,,,,
dtomclothing.com,,,,,,
dtvapes.hostedbywebstore.com,,,,,,
durel.webstorepowered.com,,,,,,
dutchman-brass-llc.hostedbywebstore.com,,,,,,
dutchwest.co.uk,,,,,,
dynotag.hostedbywebstore.com,,,,,,
e-bargain-square.hostedbywebstore.com,,,,,,
e-pharm-nutrition.webstorepowered.com,,,,,,
e-tech-discount-book-store.hostedbywebstore.com,,,,,,
e-xports.com,,,,,,
early-dealz.hostedbywebstore.com,,,,,,
earthquakesounds.co.uk,,,,,,
easportsstore.com,,,,,,
eastpoint-baby.webstorepowered.com,,,,,,
eastwestenterprisesllc.com,,,,,,
easy-off-gloves.hostedbyamazon.co.uk,,,,,,
easy-pickins.hostedbywebstore.com,,,,,,
easyaspistore.com,,,,,,
ebagbelt.com,,,,,,
ebeautysalon.webstorepowered.com,,,,,,
ebp.tw,,,,,,
ebusinessguruinuk.wordpress.com,,,,,,
ecatalogservices.com,,,,,,
echo-stethoscope-studios.hostedbywebstore.com,,,,,,
eclipseeyewear.com,,,,,,
eco-blu-pool-components-llc.webstorepowered.com,,,,,,
eco-project.co.uk,,,,,,
ecofervor.com,,,,,,
ecolognes.com,,,,,,
ecommercenews.nl,,,,,,
ecornershop.co.uk,,,,,,
edge-eclectic.hostedbywebstore.com,,,,,,
edisonbright-led.webstorepowered.com,,,,,,
edwards-gift.hostedbywebstore.com,,,,,,
edwards-gift.webstorepowered.com,,,,,,
edwardsdvdandcdstore.com,,,,,,
egp-business-solutions.hostedbyamazon.com,,,,,,
ehappyhome.com,,,,,,
eileeny.hostedbyamazon.com,,,,,,
ejewelry.com,,,,,,
ektor.hostedbywebstore.co.uk,,,,,,
electric-theatre.hostedbywebstore.co.uk,,,,,,
electro-mart.net,,,,,,
electronicsalesexpress.com,,,,,,
electronicsexpo.com,,,,,,
elementalclay.com,,,,,,
elite-public-safety-equipment.hostedbyamazon.com,,,,,,
eliteweddingbands.com,,,,,,
elvira.hostedbywebstore.com,,,,,,
emavera.com,,,,,,
emax-tool.hostedbyamazon.com,,,,,,
emergencysuppliesuk.co.uk,,,,,,
eminence-shop.co.uk,,,,,,
empirerigging.com,,,,,,
emusicenterprise.com,,,,,,
energybazaar.com,,,,,,
entoutlet.com,,,,,,
enviousdeals.com,,,,,,
eomdistributors.com,,,,,,
eonwebstore.com,,,,,,
equiltworks.com,,,,,,
equisoftcream.hostedbywebstore.com,,,,,,
esbue.com,,,,,,
eseller.net,,,,,,
essential-gifts.hostedbywebstore.com,,,,,,
estore-services.com,,,,,,
etaratech.webstorepowered.com,,,,,,
eteamnation.com,,,,,,
ethernet-cords.webstorepowered.com,,,,,,
eventoutfittersonline.com,,,,,,
everydayhomeoutlet.com,,,,,,
everything-music-and-sound.webstorepowered.com,,,,,,
everythingcovers.com,,,,,,
everythingforyourfeet.com,,,,,,
evolatree.com,,,,,,
evosocks.com,,,,,,
expeditionpress.com,,,,,,
exploreconsulting.com,,,,,,
expresscomputersystems.hostedbywebstore.com,,,,,,
expressioncraft.com,,,,,,
expressions4me.com,,,,,,
exsonline.hostedbywebstore.com,,,,,,
eyecatchergallery.com,,,,,,
eyecatchfashion.com,,,,,,
ez-living-home.hostedbywebstore.com,,,,,,
ez85.webstorepowered.com,,,,,,
ezbuycafe.com,,,,,,
ezegrip.com,,,,,,
fabragz.com,,,,,,
fairchocolates.com,,,,,,
familypreparednesssupplies.com,,,,,,
fancydresskingdom.co.uk,,,,,,
fargroamenity.co.uk,,,,,,
fashlimited.com,,,,,,
fastprintsforme.com,,,,,,
fastshippingsupplements.com,,,,,,
fat-rabbit-tech.hostedbywebstore.com,,,,,,
fathappypets.com,,,,,,
fatomusic.com,,,,,,
fatwalletapparel.com,,,,,,
faucetsusa.com,,,,,,
faux-fur.co.uk,,,,,,
fbftrendz.com,,,,,,
fdny-firezone.hostedbyamazon.com,,,,,,
feelgoodapparel.com,,,,,,
ferrariboutiqueatclassic.hostedbywebstore.com,,,,,,
ffloe.com,,,,,,
fiberopticscenter.com,,,,,,
figueroa-enterprises.hostedbywebstore.com,,,,,,
fillmyrecipe.com,,,,,,
filter-technology-inc.hostedbywebstore.com,,,,,,
filterdeal.us,,,,,,
financestry.com,,,,,,
findemf.com,,,,,,
findpetstuff.com,,,,,,
finekeepsakes.com,,,,,,
finestautoparts.com,,,,,,
finitesquare.com,,,,,,
finsshop.hostedbyamazon.com,,,,,,
firstchoicefuneralsupply.com,,,,,,
fishpro.pro,,,,,,
fitcouture.com,,,,,,
fitgadget.com,,,,,,
fixthedrip.co.uk,,,,,,
flintwick.co.uk,,,,,,
flowers4love.hostedbyamazon.co.uk,,,,,,
fnoclothing.com,,,,,,
follea.hostedbyamazon.com,,,,,,
footpathsshoes.com,,,,,,
foresurvpro.hostedbywebstore.com,,,,,,
forever26diamonds.hostedbywebstore.com,,,,,,
formosa.hostedbywebstore.com,,,,,,
foundittoys.com,,,,,,
fourgiraffeshugging.co.uk,,,,,,
foxsoutdoor.co.uk,,,,,,
fpietronics.hostedbyamazon.com,,,,,,
francovecchiohome.com,,,,,,
franklinpartsdirect.com,,,,,,
franklyjoyful.com,,,,,,
freeportspice.com,,,,,,
freshbotanica.com,,,,,,
freshersfoodsonlineshop.co.uk,,,,,,
frooogal.hostedbywebstore.com,,,,,,
frost-fashion-accessories.hostedbywebstore.com,,,,,,
fruit.com,,,,,,
fruitridgesupply.com,,,,,,
fuelinjectionsuccess.com,,,,,,
fugubeanbag.com,,,,,,
fullinen.com,,,,,,
functionalfitnessoutlet.com,,,,,,
fungusdepot.com,,,,,,
funkytrainers.net,,,,,,
furfactoryoutlet.com,,,,,,
furnituremaxx.com,,,,,,
g8central.com,,,,,,
gadgetjabber.com,,,,,,
gadgetmonsternet.hostedbywebstore.com,,,,,,
gagispares.com,,,,,,
galactic-force.hostedbyamazon.com,,,,,,
gallerymedicaorders.com,,,,,,
gamesinart.hostedbywebstore.com,,,,,,
gamiss-amazon.com,,,,,,
garypoppins.com,,,,,,
garyssportscards.com,,,,,,
gazgari.com,,,,,,
gbookstore.webstorepowered.com,,,,,,
gearflair.com,,,,,,
gearnetsports.com,,,,,,
geeknism.com,,,,,,
geff-house.hostedbywebstore.com,,,,,,
gekkeikansakemachine.com,,,,,,
gems-is-me.com,,,,,,
gemscouture.com,,,,,,
gen-rule.com,,,,,,
generalgifts.com,,,,,,
geofossils.co.uk,,,,,,
geordiecandles.com,,,,,,
gercutter.hostedbywebstore.com,,,,,,
geresdengle.com,,,,,,
geroys.hostedbywebstore.com,,,,,,
gesund-health.com,,,,,,
getyourselffitter.com,,,,,,
gfyfashion.hostedbywebstore.com,,,,,,
giftbay-creations.hostedbywebstore.com,,,,,,
giftitpretty.com,,,,,,
gifts-u-want.co.uk,,,,,,
giggityshop.com,,,,,,
gilbinfashionsisland.hostedbywebstore.com,,,,,,
gingausa.com,,,,,,
gizmofones.co.uk,,,,,,
gizmogaming.co.uk,,,,,,
gladeye-press.hostedbywebstore.com,,,,,,
glebeequestrian.com,,,,,,
glebehealthcare.co.uk,,,,,,
global-appliance.hostedbywebstore.com,,,,,,
global.hostedbyamazon.com,,,,,,
glory-and-grace.com,,,,,,
glotime.co.uk,,,,,,
gmfamilygifts.com,,,,,,
goal-nets.net,,,,,,
godpshome.com,,,,,,
godpsink.com,,,,,,
gojilou.hostedbywebstore.com,,,,,,
goldencoulee.com,,,,,,
goldenkeytoys.com,,,,,,
goldstarshop.co.uk,,,,,,
goodoors.com,,,,,,
goodwin-goodies.com,,,,,,
gopbgo.com,,,,,,
gothamdecor.hostedbywebstore.com,,,,,,
gothamwatch.com,,,,,,
gradeprice.com,,,,,,
grameenmarket.com,,,,,,
grandejewelers.com,,,,,,
gratefulgoodz.webstorepowered.com,,,,,,
great-gift-ideas-etc.com,,,,,,
greatbeautydeals.com,,,,,,
greenwebinc.net,,,,,,
gripmotollc.com,,,,,,
grissomstogo.webstorepowered.com,,,,,,
groupbuytires.com,,,,,,
gruppe-s.hostedbywebstore.com,,,,,,
gspn3.com,,,,,,
gvfurniture.hostedbywebstore.com,,,,,,
gw-security-camera-system.com,,,,,,
h-global-webstore.hostedbywebstore.de,,,,,,
h2tl.com,,,,,,
hairbydavid.co.uk,,,,,,
haitiancreolebooks.com,,,,,,
hammam-towels.co.uk,,,,,,
hamperdelights.co.uk,,,,,,
handartistry.com,,,,,,
handbag-inc.webstorepowered.com,,,,,,
handbagsblingmore.com,,,,,,
handcraftedbeadedjewellery.com,,,,,,
handelskraft.de,,,,,,
happy-avenue.hostedbywebstore.com,,,,,,
happy-wives-club-inc.hostedbywebstore.com,,,,,,
happycampersusa.com,,,,,,
harausa.com,,,,,,
hard2findaccessories.com,,,,,,
hardbodynutrition.com,,,,,,
hardtofindshoepolish.com,,,,,,
hasselbladonfifth.com,,,,,,
havocrfid.com,,,,,,
hawaiiansilverjewelry.com,,,,,,
hawaiiroasters.com,,,,,,
haysstore.com,,,,,,
hazelaidexpress.com,,,,,,
healthandpersonalcare.com,,,,,,
healthbarnstore.webstorepowered.com,,,,,,
healthyfoodonline.com,,,,,,
healthynowshop.com,,,,,,
heirloom-quilt-bazaar.com,,,,,,
hellolights.com,,,,,,
heredomus.com,,,,,,
heritagehomerugs.com,,,,,,
hermonthly.hostedbywebstore.com,,,,,,
hhwholesale.com,,,,,,
highsocietyclothing.com,,,,,,
hiks.co.uk,,,,,,
hillcrusher.com,,,,,,
hinterland-trading-co.hostedbyamazon.com,,,,,,
historical-beginnings--moments.hostedbyamazon.com,,,,,,
hockeyninja.com,,,,,,
holdupsuspenders.com,,,,,,
hollywoodcm.com,,,,,,
hologramplace.com,,,,,,
home-store-20120426-180737.hostedbyamazon.com,,,,,,
homeandcookstore.com,,,,,,
homeandliving.com,,,,,,
homedecorandcompany.com,,,,,,
homedecurator.com,,,,,,
homedreamz.net,,,,,,
homenaturalsinc.com,,,,,,
homeoutdoor.hostedbyamazon.co.uk,,,,,,
hoodiii.co.uk,,,,,,
hookahyid.com,,,,,,
hookedonyou.com,,,,,,
hoopsbaby.com,,,,,,
hoplethouse.com,,,,,,
hostedbyamazon.co.uk,,,,,,
hostedbywebstore.co.uk,,,,,,
hostedbywebstore.com,,,,,,
hostedbywebstore.de,,,,,,
hot-peppersrus.com,,,,,,
hotamazondeals.co.uk,,,,,,
hottestfootwear.com,,,,,,
hottowelcabis.com,,,,,,
hotwaterbottleideas.co.uk,,,,,,
household-supplies.co.uk,,,,,,
houstonaplusproperty.com,,,,,,
houstonretrofit.com,,,,,,
hudsonsportinggoods.com,,,,,,
hugg-a-planet.com,,,,,,
hulaburn.com,,,,,,
hydrationpackshop.com,,,,,,
hydroflash.net,,,,,,
hyundai-access.hostedbywebstore.com,,,,,,
hyundaifashion.com,,,,,,
i-unik.hostedbyamazon.com,,,,,,
iartha-market.hostedbywebstore.com,,,,,,
ibimedicalandesthetics.com,,,,,,
icemedical.co.uk,,,,,,
icloop.hostedbywebstore.com,,,,,,
icompny.hostedbywebstore.com,,,,,,
icon-sports.com,,,,,,
icycoolsonline.com,,,,,,
idealsbooks.com,,,,,,
ideventurehome.com,,,,,,
idsonlinestore.com,,,,,,
ievere.com,,,,,,
ifrys.com,,,,,,
ifswholesale.com,,,,,,
igadgetlondon.co.uk,,,,,,
ihealth-fulfillment.webstorepowered.com,,,,,,
iheartfashionaccessories.com,,,,,,
ijitshop.com,,,,,,
ill-primo.hostedbywebstore.com,,,,,,
illinoissupply.com,,,,,,
illumishieldstore.com,,,,,,
iloveearthworm.com,,,,,,
iluvbrands.com,,,,,,
imagigadget.com,,,,,,
imczone.hostedbywebstore.com,,,,,,
immersion-digital-llc.hostedbyamazon.com,,,,,,
in-ear-acoustics.webstorepowered.com,,,,,,
inada.webstorepowered.com,,,,,,
incostume.com,,,,,,
indalo-gallery-and-studio.hostedbywebstore.com,,,,,,
indianmixergrinderstore.com,,,,,,
indie-abode.webstorepowered.com,,,,,,
indigi.co,,,,,,
industry-supplier.webstorepowered.com,,,,,,
ineusastock.com,,,,,,
infinityhomefashion.com,,,,,,
info.bahaiprayerbeads.com,,,,,,
ink-america.hostedbywebstore.com,,,,,,
ink.sewingmachine.com,,,,,,
inka-corp.com,,,,,,
inletrading.com,,,,,,
inmyparentsbasement.com,,,,,,
inprostore.com,,,,,,
insanewebdeals.com,,,,,,
insoles-and-more.com,,,,,,
instant-dlc.com,,,,,,
international.goodstate.com,,,,,,
intricateworks.com,,,,,,
invitereferrals.com,,,,,,
invitereferrals.com.au,,,,,,
invujewelry.com,,,,,,
ionicsupplements.com,,,,,,
ipaces.webstorepowered.com,,,,,,
iqkids.com,,,,,,
ironcladauthentics.com,,,,,,
isaac-sultan--sons.hostedbywebstore.com,,,,,,
isaacmizrahiny.com,,,,,,
islandimportsandmore.com,,,,,,
islandsilversmith.com,,,,,,
istasha.com,,,,,,
italiadesignerbrands.com,,,,,,
italianpapers.com,,,,,,
iti-bookstore.myshopify.com,,,,,,
itoyshopper.com,,,,,,
iwc.hostedbywebstore.com,,,,,,
jackieb-london.hostedbywebstore.co.uk,,,,,,
jadeorganicexchange.com,,,,,,
jamesbowden.hostedbywebstore.co.uk,,,,,,
jazdsupplychain.com,,,,,,
jchanillesshoes.hostedbyamazon.com,,,,,,
jem-stores.com,,,,,,
jemstores.com,,,,,,
jennifercrollbridal.com,,,,,,
jerusalemdiamonds.com,,,,,,
jesuitsources.bc.edu,,,,,,
jeunederm-store.hostedbywebstore.com,,,,,,
jewelexcess.hostedbyamazon.com,,,,,,
jewelrydepartment.com,,,,,,
jewelryleader.com,,,,,,
jewezon.com,,,,,,
jhayssen.com,,,,,,
jitally.com,,,,,,
jmservicesoutlet.hostedbywebstore.com,,,,,,
jntworld.hostedbywebstore.com,,,,,,
jobjacketstore.com,,,,,,
jons-watches.hostedbywebstore.com,,,,,,
jordyns-closet-boutique.hostedbywebstore.com,,,,,,
jourfix.hostedbyamazon.co.uk,,,,,,
jplgoods.com,,,,,,
jpskincare.com,,,,,,
jsff.webstorepowered.com,,,,,,
jskpromed.com,,,,,,
jtechnow.hostedbyamazon.com,,,,,,
jtecx.hostedbywebstore.com,,,,,,
junesgems.com,,,,,,
junglerack.com,,,,,,
juniorfarmer.co.uk,,,,,,
just-for-them.com,,,,,,
just-horse-riders.hostedbywebstore.co.uk,,,,,,
justideasllc.com,,,,,,
justplanesuk.co.uk,,,,,,
juuniji.com,,,,,,
kala-gear.hostedbyamazon.com,,,,,,
kallskomics.com,,,,,,
kalmdown.com,,,,,,
kandlepower.com,,,,,,
kasabelle.com,,,,,,
kascostore.com,,,,,,
kastles.webstorepowered.com,,,,,,
katarina.com,,,,,,
katebissett.com,,,,,,
kathys-show-tack.hostedbywebstore.com,,,,,,
kaushalam.com,,,,,,
kbethos.hostedbywebstore.com,,,,,,
keep-talking.net,,,,,,
keimfamilymarket.com,,,,,,
kelmeshoes.com,,,,,,
kenakai.com,,,,,,
kennedy-manufacturing.hostedbywebstore.com,,,,,,
kensington-watch.hostedbyamazon.com,,,,,,
kerarganic.hostedbywebstore.com,,,,,,
keratin4u.webstorepowered.com,,,,,,
keyyourspirit-llc.webstorepowered.com,,,,,,
khushrang.com,,,,,,
kiaandcole.webstorepowered.com,,,,,,
kidenergy.com,,,,,,
kidooous.com,,,,,,
kidscraftboutique.com,,,,,,
kimandjo.com,,,,,,
kimbosshop.com,,,,,,
king-n-prince.hostedbyamazon.com,,,,,,